ActionID,Timestamp,Product,CurrentStock,StockBeforeOrder,StockAfterOrder,PredictedDaysToDepletion,Confidence,UrgencyLevel,ReorderQuantity,Reasoning,LIMEEvidence,DecisionRationale,Status,AgentConsensus,ProcessingTimeMS,AutoApproved,InventoryUpdated
MULTI-20251126185509-0,2025-11-26T18:55:09.366526,Coca Cola (2L),1909,1909,47167,0,0.8828163194590927,CRITICAL,45258,"UrgencyAgent: üö® EMERGENCY: Only 1.4 days until stockout! | QuantityAgent: üìä Optimal: 16308 units (EOQ: 10868, Urgency: CRITICAL) | CostAgent: üíµ Cost-optimized: 70920 units (Est. savings: $22875.78)",UrgencyAgent: StockPercentage: -0.27; CurrentStock: +0.01 | QuantityAgent: StockPercentage: -0.30; CurrentStock: +0.04 | CostAgent: StockPercentage: -0.27; CurrentStock: +0.01,Multi-Agent Consensus: 3 agents,AUTO_APPROVED,"{""UrgencyAgent"": ""IMMEDIATE_REORDER"", ""QuantityAgent"": ""OPTIMIZE_QUANTITY"", ""CostAgent"": ""COST_OPTIMIZE""}",0,True,True
MULTI-20251126185509-1,2025-11-26T18:55:09.366526,Facewash (100ml),83,83,55657,0,0.7861570542098285,CRITICAL,55574,"UrgencyAgent: üö® EMERGENCY: Only 0.4 days until stockout! | QuantityAgent: üìä Optimal: 18048 units (EOQ: 12032, Urgency: CRITICAL) | CostAgent: üíµ Cost-optimized: 89172 units (Est. savings: $7721.87)",UrgencyAgent: AvgDailySales: -0.42; CurrentStock: -0.40 | QuantityAgent: AvgDailySales: -0.42; CurrentStock: -0.40 | CostAgent: CurrentStock: -0.42; AvgDailySales: -0.42,Multi-Agent Consensus: 3 agents,AUTO_APPROVED,"{""UrgencyAgent"": ""IMMEDIATE_REORDER"", ""QuantityAgent"": ""OPTIMIZE_QUANTITY"", ""CostAgent"": ""COST_OPTIMIZE""}",0,True,True
MULTI-20251126185509-2,2025-11-26T18:55:09.366526,Bisleri Water (1L),2185,2185,45879,0,0.8192111016293357,CRITICAL,43694,"UrgencyAgent: üö® EMERGENCY: Only 1.6 days until stockout! | QuantityAgent: üìä Optimal: 16032 units (EOQ: 10681, Urgency: CRITICAL) | CostAgent: üíµ Cost-optimized: 68160 units (Est. savings: $24775.16)",UrgencyAgent: StockPercentage: -0.28; CurrentStock: +0.06 | QuantityAgent: StockPercentage: -0.28; CurrentStock: +0.03 | CostAgent: StockPercentage: -0.31; CurrentStock: +0.04,Multi-Agent Consensus: 3 agents,AUTO_APPROVED,"{""UrgencyAgent"": ""IMMEDIATE_REORDER"", ""QuantityAgent"": ""OPTIMIZE_QUANTITY"", ""CostAgent"": ""COST_OPTIMIZE""}",0,True,True
MULTI-20251126185509-3,2025-11-26T18:55:09.366526,Real Juice (1L),1736,1736,47972,0,0.8228291642274853,CRITICAL,46236,"UrgencyAgent: üö® EMERGENCY: Only 1.0 days until stockout! | QuantityAgent: üìä Optimal: 16476 units (EOQ: 10984, Urgency: CRITICAL) | CostAgent: üíµ Cost-optimized: 72648 units (Est. savings: $16387.75)",UrgencyAgent: StockPercentage: -0.30; AvgDailySales: -0.15 | QuantityAgent: StockPercentage: -0.33; AvgDailySales: -0.12 | CostAgent: StockPercentage: -0.30; AvgDailySales: -0.17,Multi-Agent Consensus: 3 agents,AUTO_APPROVED,"{""UrgencyAgent"": ""IMMEDIATE_REORDER"", ""QuantityAgent"": ""OPTIMIZE_QUANTITY"", ""CostAgent"": ""COST_OPTIMIZE""}",0,True,True
MULTI-20251126185509-4,2025-11-26T18:55:09.366526,Soap (125g),156,156,55319,0,0.7609041349071637,CRITICAL,55163,"UrgencyAgent: üö® EMERGENCY: Only 0.2 days until stockout! | QuantityAgent: üìä Optimal: 17988 units (EOQ: 11988, Urgency: CRITICAL) | CostAgent: üíµ Cost-optimized: 88440 units (Est. savings: $3355.66)",UrgencyAgent: AvgDailySales: -0.44; CurrentStock: -0.40 | QuantityAgent: AvgDailySales: -0.47; CurrentStock: -0.39 | CostAgent: AvgDailySales: -0.41; CurrentStock: -0.36,Multi-Agent Consensus: 3 agents,AUTO_APPROVED,"{""UrgencyAgent"": ""IMMEDIATE_REORDER"", ""QuantityAgent"": ""OPTIMIZE_QUANTITY"", ""CostAgent"": ""COST_OPTIMIZE""}",0,True,True
MULTI-20251126185509-5,2025-11-26T18:55:09.366526,Biscuits,2232,2232,45656,0,0.7477407326956141,CRITICAL,43424,"UrgencyAgent: üö® EMERGENCY: Only 1.5 days until stockout! | QuantityAgent: üìä Optimal: 15984 units (EOQ: 10649, Urgency: CRITICAL) | CostAgent: üíµ Cost-optimized: 67680 units (Est. savings: $23426.93)",UrgencyAgent: StockPercentage: -0.28; AvgDailySales: -0.04 | QuantityAgent: StockPercentage: -0.24; CurrentStock: +0.07 | CostAgent: StockPercentage: -0.28; CurrentStock: +0.05,Multi-Agent Consensus: 3 agents,AUTO_APPROVED,"{""UrgencyAgent"": ""IMMEDIATE_REORDER"", ""QuantityAgent"": ""OPTIMIZE_QUANTITY"", ""CostAgent"": ""COST_OPTIMIZE""}",0,True,True
MULTI-20251126185509-6,2025-11-26T18:55:09.366526,Dry Fruits (250g),1864,1864,47375,0,0.8836790949838239,CRITICAL,45511,"UrgencyAgent: üö® EMERGENCY: Only 1.5 days until stockout! | QuantityAgent: üìä Optimal: 16356 units (EOQ: 10898, Urgency: CRITICAL) | CostAgent: üíµ Cost-optimized: 71364 units (Est. savings: $24334.84)",UrgencyAgent: StockPercentage: -0.29; AvgDailySales: -0.18 | QuantityAgent: StockPercentage: -0.27; AvgDailySales: -0.20 | CostAgent: StockPercentage: -0.29; AvgDailySales: -0.20,Multi-Agent Consensus: 3 agents,AUTO_APPROVED,"{""UrgencyAgent"": ""IMMEDIATE_REORDER"", ""QuantityAgent"": ""OPTIMIZE_QUANTITY"", ""CostAgent"": ""COST_OPTIMIZE""}",0,True,True
MULTI-20251126185509-7,2025-11-26T18:55:09.366526,Chocolate,2131,2131,46128,0,0.8551392191134978,CRITICAL,43997,"UrgencyAgent: üö® EMERGENCY: Only 1.6 days until stockout! | QuantityAgent: üìä Optimal: 16080 units (EOQ: 10718, Urgency: CRITICAL) | CostAgent: üíµ Cost-optimized: 68700 units (Est. savings: $24511.00)",UrgencyAgent: StockPercentage: -0.29; CurrentStock: +0.08 | QuantityAgent: StockPercentage: -0.27; CurrentStock: +0.05 | CostAgent: StockPercentage: -0.30; CurrentStock: +0.05,Multi-Agent Consensus: 3 agents,AUTO_APPROVED,"{""UrgencyAgent"": ""IMMEDIATE_REORDER"", ""QuantityAgent"": ""OPTIMIZE_QUANTITY"", ""CostAgent"": ""COST_OPTIMIZE""}",0,True,True
MULTI-20251126185509-8,2025-11-26T18:55:09.366526,Red Bull (250ml),1868,1868,47356,0,0.8816253918419245,CRITICAL,45488,"UrgencyAgent: üö® EMERGENCY: Only 1.4 days until stockout! | QuantityAgent: üìä Optimal: 16344 units (EOQ: 10896, Urgency: CRITICAL) | CostAgent: üíµ Cost-optimized: 71328 units (Est. savings: $22864.76)",UrgencyAgent: StockPercentage: -0.26; CurrentStock: +0.03 | QuantityAgent: StockPercentage: -0.31; CurrentStock: +0.07 | CostAgent: StockPercentage: -0.31; CurrentStock: +0.04,Multi-Agent Consensus: 3 agents,AUTO_APPROVED,"{""UrgencyAgent"": ""IMMEDIATE_REORDER"", ""QuantityAgent"": ""OPTIMIZE_QUANTITY"", ""CostAgent"": ""COST_OPTIMIZE""}",0,True,True
MULTI-20251126185509-9,2025-11-26T18:55:09.366526,Lays Chips,1758,1758,47870,0,0.8860414698002782,CRITICAL,46112,"UrgencyAgent: üö® EMERGENCY: Only 1.2 days until stockout! | QuantityAgent: üìä Optimal: 16464 units (EOQ: 10969, Urgency: CRITICAL) | CostAgent: üíµ Cost-optimized: 72420 units (Est. savings: $20091.30)",UrgencyAgent: StockPercentage: -0.26; AvgDailySales: -0.18 | QuantityAgent: StockPercentage: -0.31; AvgDailySales: -0.15 | CostAgent: StockPercentage: -0.25; AvgDailySales: -0.19,Multi-Agent Consensus: 3 agents,AUTO_APPROVED,"{""UrgencyAgent"": ""IMMEDIATE_REORDER"", ""QuantityAgent"": ""OPTIMIZE_QUANTITY"", ""CostAgent"": ""COST_OPTIMIZE""}",0,True,True
MULTI-20251126185509-10,2025-11-26T18:55:09.366526,Paneer (200g),2351,2351,45097,0,0.6990215820530508,CRITICAL,42746,"UrgencyAgent: üö® EMERGENCY: Only 1.9 days until stockout! | QuantityAgent: üìä Optimal: 15852 units (EOQ: 10567, Urgency: CRITICAL) | CostAgent: üíµ Cost-optimized: 66492 units (Est. savings: $29589.39)",UrgencyAgent: StockPercentage: -0.27; CurrentStock: +0.06 | QuantityAgent: StockPercentage: -0.33; AvgDailySales: -0.06 | CostAgent: StockPercentage: -0.28; AvgDailySales: -0.02,Multi-Agent Consensus: 3 agents,AUTO_APPROVED,"{""UrgencyAgent"": ""IMMEDIATE_REORDER"", ""QuantityAgent"": ""OPTIMIZE_QUANTITY"", ""CostAgent"": ""COST_OPTIMIZE""}",0,True,True
MULTI-20251126185509-11,2025-11-26T18:55:09.366526,Wheat Flour (5kg),3443,3443,35601,0,0.8468676416177127,CRITICAL,32158,"UrgencyAgent: ‚ö†Ô∏è HIGH PRIORITY: 3.0 days remaining | QuantityAgent: üìä Optimal: 14676 units (EOQ: 9784, Urgency: CRITICAL) | CostAgent: üíµ Cost-optimized: 55572 units (Est. savings: $38960.17)",UrgencyAgent: AvgDailySales: +0.60; CurrentStock: +0.52 | QuantityAgent: AvgDailySales: +0.61; CurrentStock: +0.51 | CostAgent: AvgDailySales: +0.59; CurrentStock: +0.47,Multi-Agent Consensus: 3 agents,AUTO_APPROVED,"{""UrgencyAgent"": ""URGENT_REORDER"", ""QuantityAgent"": ""OPTIMIZE_QUANTITY"", ""CostAgent"": ""COST_OPTIMIZE""}",0,True,True
MULTI-20251126185509-12,2025-11-26T18:55:09.366526,Shampoo (250ml),644,644,53056,0,0.6399656915631524,CRITICAL,52412,"UrgencyAgent: üö® EMERGENCY: Only 0.7 days until stockout! | QuantityAgent: üìä Optimal: 17532 units (EOQ: 11687, Urgency: CRITICAL) | CostAgent: üíµ Cost-optimized: 83568 units (Est. savings: $13118.81)",UrgencyAgent: AvgDailySales: -0.42; CurrentStock: -0.39 | QuantityAgent: AvgDailySales: -0.45; CurrentStock: -0.40 | CostAgent: CurrentStock: -0.45; AvgDailySales: -0.42,Multi-Agent Consensus: 3 agents,AUTO_APPROVED,"{""UrgencyAgent"": ""IMMEDIATE_REORDER"", ""QuantityAgent"": ""OPTIMIZE_QUANTITY"", ""CostAgent"": ""COST_OPTIMIZE""}",0,True,True
MULTI-20251126185509-13,2025-11-26T18:55:09.366526,Milk (1L),1812,1812,47616,0,0.8649395286102407,CRITICAL,45804,"UrgencyAgent: üö® EMERGENCY: Only 1.4 days until stockout! | QuantityAgent: üìä Optimal: 16404 units (EOQ: 10933, Urgency: CRITICAL) | CostAgent: üíµ Cost-optimized: 71880 units (Est. savings: $23240.42)",UrgencyAgent: StockPercentage: -0.29; AvgDailySales: -0.18 | QuantityAgent: StockPercentage: -0.31; AvgDailySales: -0.19 | CostAgent: StockPercentage: -0.27; AvgDailySales: -0.18,Multi-Agent Consensus: 3 agents,AUTO_APPROVED,"{""UrgencyAgent"": ""IMMEDIATE_REORDER"", ""QuantityAgent"": ""OPTIMIZE_QUANTITY"", ""CostAgent"": ""COST_OPTIMIZE""}",0,True,True
MULTI-20251126185509-14,2025-11-26T18:55:09.366526,Pulses (1kg),2991,2991,37428,0,0.714239281351389,CRITICAL,34437,"UrgencyAgent: ‚ö†Ô∏è HIGH PRIORITY: 2.1 days remaining | QuantityAgent: üìä Optimal: 15180 units (EOQ: 10115, Urgency: CRITICAL) | CostAgent: üíµ Cost-optimized: 60096 units (Est. savings: $28779.81)",UrgencyAgent: AvgDailySales: +0.59; CurrentStock: +0.50 | QuantityAgent: AvgDailySales: +0.60; CurrentStock: +0.49 | CostAgent: AvgDailySales: +0.59; CurrentStock: +0.48,Multi-Agent Consensus: 3 agents,AUTO_APPROVED,"{""UrgencyAgent"": ""URGENT_REORDER"", ""QuantityAgent"": ""OPTIMIZE_QUANTITY"", ""CostAgent"": ""COST_OPTIMIZE""}",0,True,True
MULTI-20251126185509-15,2025-11-26T18:55:09.366526,Cooking Oil (1L),3354,3354,35963,0,0.716849630641719,CRITICAL,32609,"UrgencyAgent: ‚ö†Ô∏è HIGH PRIORITY: 2.7 days remaining | QuantityAgent: üìä Optimal: 14784 units (EOQ: 9850, Urgency: CRITICAL) | CostAgent: üíµ Cost-optimized: 56460 units (Est. savings: $36452.35)",UrgencyAgent: AvgDailySales: +0.58; CurrentStock: +0.50 | QuantityAgent: AvgDailySales: +0.62; CurrentStock: +0.52 | CostAgent: AvgDailySales: +0.58; CurrentStock: +0.47,Multi-Agent Consensus: 3 agents,AUTO_APPROVED,"{""UrgencyAgent"": ""URGENT_REORDER"", ""QuantityAgent"": ""OPTIMIZE_QUANTITY"", ""CostAgent"": ""COST_OPTIMIZE""}",0,True,True
MULTI-20251126185509-16,2025-11-26T18:55:09.366526,Cheese (200g),2028,2028,46608,0,0.9174133514616095,CRITICAL,44580,"UrgencyAgent: üö® EMERGENCY: Only 1.6 days until stockout! | QuantityAgent: üìä Optimal: 16188 units (EOQ: 10788, Urgency: CRITICAL) | CostAgent: üíµ Cost-optimized: 69720 units (Est. savings: $25070.01)",UrgencyAgent: StockPercentage: -0.30; CurrentStock: +0.06 | QuantityAgent: StockPercentage: -0.22; CurrentStock: +0.01 | CostAgent: StockPercentage: -0.32; AvgDailySales: -0.02,Multi-Agent Consensus: 3 agents,AUTO_APPROVED,"{""UrgencyAgent"": ""IMMEDIATE_REORDER"", ""QuantityAgent"": ""OPTIMIZE_QUANTITY"", ""CostAgent"": ""COST_OPTIMIZE""}",0,True,True
MULTI-20251126185509-17,2025-11-26T18:55:09.366526,Rice (5kg),3090,3090,37027,0,0.7292579390458668,CRITICAL,33937,"UrgencyAgent: ‚ö†Ô∏è HIGH PRIORITY: 2.3 days remaining | QuantityAgent: üìä Optimal: 15072 units (EOQ: 10044, Urgency: CRITICAL) | CostAgent: üíµ Cost-optimized: 59100 units (Est. savings: $32408.19)",UrgencyAgent: AvgDailySales: +0.59; CurrentStock: +0.51 | QuantityAgent: AvgDailySales: +0.57; CurrentStock: +0.48 | CostAgent: AvgDailySales: +0.57; CurrentStock: +0.47,Multi-Agent Consensus: 3 agents,AUTO_APPROVED,"{""UrgencyAgent"": ""URGENT_REORDER"", ""QuantityAgent"": ""OPTIMIZE_QUANTITY"", ""CostAgent"": ""COST_OPTIMIZE""}",0,True,True
MULTI-20251126185509-18,2025-11-26T18:55:09.366526,Sugar (1kg),3733,3733,29617,0,0.7966865632603882,HIGH,25884,"UrgencyAgent: ‚ö†Ô∏è HIGH PRIORITY: 3.2 days remaining | QuantityAgent: üìä Optimal: 12444 units (EOQ: 9565, Urgency: HIGH) | CostAgent: üíµ Cost-optimized: 40140 units (Est. savings: $39811.48)",UrgencyAgent: AvgDailySales: +0.58; CurrentStock: +0.48 | QuantityAgent: AvgDailySales: +0.59; CurrentStock: +0.50 | CostAgent: AvgDailySales: +0.60; CurrentStock: +0.46,Multi-Agent Consensus: 3 agents,AUTO_APPROVED,"{""UrgencyAgent"": ""URGENT_REORDER"", ""QuantityAgent"": ""OPTIMIZE_QUANTITY"", ""CostAgent"": ""COST_OPTIMIZE""}",0,True,True
MULTI-20251126185509-19,2025-11-26T18:55:09.366526,Butter (100g),1638,1638,48429,0,0.7921059979515707,CRITICAL,46791,"UrgencyAgent: üö® EMERGENCY: Only 1.3 days until stockout! | QuantityAgent: üìä Optimal: 16584 units (EOQ: 11049, Urgency: CRITICAL) | CostAgent: üíµ Cost-optimized: 73620 units (Est. savings: $22210.34)",UrgencyAgent: AvgDailySales: -0.43; CurrentStock: -0.42 | QuantityAgent: AvgDailySales: -0.41; CurrentStock: -0.41 | CostAgent: AvgDailySales: -0.42; CurrentStock: -0.38,Multi-Agent Consensus: 3 agents,AUTO_APPROVED,"{""UrgencyAgent"": ""IMMEDIATE_REORDER"", ""QuantityAgent"": ""OPTIMIZE_QUANTITY"", ""CostAgent"": ""COST_OPTIMIZE""}",0,True,True
MULTI-20251126185509-20,2025-11-26T18:55:09.366526,Curd (500g),1775,1775,47788,0,0.8913109776030973,CRITICAL,46013,"UrgencyAgent: üö® EMERGENCY: Only 1.2 days until stockout! | QuantityAgent: üìä Optimal: 16440 units (EOQ: 10958, Urgency: CRITICAL) | CostAgent: üíµ Cost-optimized: 72252 units (Est. savings: $19752.55)",UrgencyAgent: StockPercentage: -0.33; AvgDailySales: -0.23 | QuantityAgent: StockPercentage: -0.30; AvgDailySales: -0.19 | CostAgent: StockPercentage: -0.31; AvgDailySales: -0.17,Multi-Agent Consensus: 3 agents,AUTO_APPROVED,"{""UrgencyAgent"": ""IMMEDIATE_REORDER"", ""QuantityAgent"": ""OPTIMIZE_QUANTITY"", ""CostAgent"": ""COST_OPTIMIZE""}",0,True,True
MULTI-20251126185509-21,2025-11-26T18:55:09.366526,Salt (1kg),3720,3720,29661,0,0.8118915215811892,HIGH,25941,"UrgencyAgent: ‚ö†Ô∏è HIGH PRIORITY: 3.0 days remaining | QuantityAgent: üìä Optimal: 12456 units (EOQ: 9575, Urgency: HIGH) | CostAgent: üíµ Cost-optimized: 40248 units (Est. savings: $37840.16)",UrgencyAgent: AvgDailySales: +0.59; CurrentStock: +0.52 | QuantityAgent: AvgDailySales: +0.57; CurrentStock: +0.51 | CostAgent: AvgDailySales: +0.57; CurrentStock: +0.46,Multi-Agent Consensus: 3 agents,AUTO_APPROVED,"{""UrgencyAgent"": ""URGENT_REORDER"", ""QuantityAgent"": ""OPTIMIZE_QUANTITY"", ""CostAgent"": ""COST_OPTIMIZE""}",0,True,True
MULTI-20251126185509-22,2025-11-26T18:55:09.366526,Kurkure,1757,1757,47875,0,0.8860414698002782,CRITICAL,46118,"UrgencyAgent: üö® EMERGENCY: Only 1.2 days until stockout! | QuantityAgent: üìä Optimal: 16464 units (EOQ: 10970, Urgency: CRITICAL) | CostAgent: üíµ Cost-optimized: 72432 units (Est. savings: $20093.74)",UrgencyAgent: StockPercentage: -0.29; AvgDailySales: -0.18 | QuantityAgent: StockPercentage: -0.28; AvgDailySales: -0.18 | CostAgent: StockPercentage: -0.35; AvgDailySales: -0.15,Multi-Agent Consensus: 3 agents,AUTO_APPROVED,"{""UrgencyAgent"": ""IMMEDIATE_REORDER"", ""QuantityAgent"": ""OPTIMIZE_QUANTITY"", ""CostAgent"": ""COST_OPTIMIZE""}",0,True,True
MULTI-20251126185509-23,2025-11-26T18:55:09.367517,Pepsi (2L),2248,2248,45580,0,0.6990215820530508,CRITICAL,43332,"UrgencyAgent: üö® EMERGENCY: Only 1.9 days until stockout! | QuantityAgent: üìä Optimal: 15960 units (EOQ: 10638, Urgency: CRITICAL) | CostAgent: üíµ Cost-optimized: 67524 units (Est. savings: $29987.84)",UrgencyAgent: StockPercentage: -0.30; CurrentStock: +0.04 | QuantityAgent: StockPercentage: -0.26; CurrentStock: +0.04 | CostAgent: StockPercentage: -0.21; CurrentStock: +0.01,Multi-Agent Consensus: 3 agents,AUTO_APPROVED,"{""UrgencyAgent"": ""IMMEDIATE_REORDER"", ""QuantityAgent"": ""OPTIMIZE_QUANTITY"", ""CostAgent"": ""COST_OPTIMIZE""}",0,True,True
MULTI-20251126185809-0,2025-11-26T18:58:09.121180,Soap (125g),965,965,3458,0,0.5128727185774106,MEDIUM,2493,"UrgencyAgent: üìã MEDIUM: 9.2 days supply | QuantityAgent: üìä Optimal: 3084 units (EOQ: 2794, Urgency: MEDIUM) | CostAgent: üíµ Cost-optimized: 2256 units (Est. savings: $9805.88)",UrgencyAgent: AvgDailySales: -1.89; StockPercentage: -1.78 | QuantityAgent: AvgDailySales: -1.90; StockPercentage: -1.64 | CostAgent: AvgDailySales: -2.01; CurrentStock: -1.78,Multi-Agent Consensus: 3 agents,AUTO_APPROVED,"{""UrgencyAgent"": ""STANDARD_REORDER"", ""QuantityAgent"": ""OPTIMIZE_QUANTITY"", ""CostAgent"": ""COST_OPTIMIZE""}",0,True,True
MULTI-20251126185809-1,2025-11-26T18:58:09.121180,Toothpaste (150g),950,950,3507,0,0.49975336201403503,MEDIUM,2557,"UrgencyAgent: üìã MEDIUM: 9.0 days supply | QuantityAgent: üìä Optimal: 3120 units (EOQ: 2833, Urgency: MEDIUM) | CostAgent: üíµ Cost-optimized: 2352 units (Est. savings: $9916.05)",UrgencyAgent: AvgDailySales: -1.97; CurrentStock: -1.69 | QuantityAgent: AvgDailySales: -2.05; CurrentStock: -1.78 | CostAgent: AvgDailySales: -1.90; CurrentStock: -1.67,Multi-Agent Consensus: 3 agents,AUTO_APPROVED,"{""UrgencyAgent"": ""STANDARD_REORDER"", ""QuantityAgent"": ""OPTIMIZE_QUANTITY"", ""CostAgent"": ""COST_OPTIMIZE""}",0,True,True
MULTI-20251126185809-2,2025-11-26T18:58:09.121180,Chocolate,1114,1114,2908,0,0.7798372345339357,LOW,1794,"QuantityAgent: üìä Optimal: 2376 units (EOQ: 2373, Urgency: LOW) | CostAgent: üíµ Cost-optimized: 1212 units (Est. savings: $10854.40)",QuantityAgent: StockPercentage: -1.46; AvgDailySales: +0.48 | CostAgent: StockPercentage: -1.45; CurrentStock: +0.43,Multi-Agent Consensus: 2 agents,AUTO_APPROVED,"{""QuantityAgent"": ""OPTIMIZE_QUANTITY"", ""CostAgent"": ""COST_OPTIMIZE""}",0,True,True
MULTI-20251126185809-3,2025-11-26T18:58:09.121180,Red Bull (250ml),1118,1118,2888,0,0.8130760426042808,LOW,1770,"QuantityAgent: üìä Optimal: 2364 units (EOQ: 2361, Urgency: LOW) | CostAgent: üíµ Cost-optimized: 1176 units (Est. savings: $10888.72)",QuantityAgent: StockPercentage: -1.44; AvgDailySales: +0.55 | CostAgent: StockPercentage: -1.47; AvgDailySales: +0.39,Multi-Agent Consensus: 2 agents,AUTO_APPROVED,"{""QuantityAgent"": ""OPTIMIZE_QUANTITY"", ""CostAgent"": ""COST_OPTIMIZE""}",0,True,True
MULTI-20251126185809-4,2025-11-26T18:58:09.121180,Lays Chips,1112,1112,2918,0,0.7594813514636977,LOW,1806,"QuantityAgent: üìä Optimal: 2388 units (EOQ: 2380, Urgency: LOW) | CostAgent: üíµ Cost-optimized: 1224 units (Est. savings: $11159.54)",QuantityAgent: StockPercentage: -1.65; AvgDailySales: -0.57 | CostAgent: StockPercentage: -1.60; CurrentStock: -0.56,Multi-Agent Consensus: 2 agents,AUTO_APPROVED,"{""QuantityAgent"": ""OPTIMIZE_QUANTITY"", ""CostAgent"": ""COST_OPTIMIZE""}",0,True,True
MULTI-20251126185809-5,2025-11-26T18:58:09.121180,Paneer (200g),1078,1078,3178,0,0.6769420149428388,MEDIUM,2100,"QuantityAgent: üìä Optimal: 2736 units (EOQ: 2482, Urgency: MEDIUM) | CostAgent: üíµ Cost-optimized: 1464 units (Est. savings: $10528.74)",QuantityAgent: AvgDailySales: -2.01; CurrentStock: -1.76 | CostAgent: AvgDailySales: -1.91; CurrentStock: -1.55,Multi-Agent Consensus: 2 agents,AUTO_APPROVED,"{""QuantityAgent"": ""OPTIMIZE_QUANTITY"", ""CostAgent"": ""COST_OPTIMIZE""}",0,True,True
MULTI-20251126185809-6,2025-11-26T18:58:09.121180,Pepsi (2L),1105,1105,3067,0,0.7052394264865293,MEDIUM,1962,"QuantityAgent: üìä Optimal: 2652 units (EOQ: 2401, Urgency: MEDIUM) | CostAgent: üíµ Cost-optimized: 1272 units (Est. savings: $10951.49)",QuantityAgent: StockPercentage: -1.63; CurrentStock: -0.60 | CostAgent: StockPercentage: -1.70; CurrentStock: -0.66,Multi-Agent Consensus: 2 agents,AUTO_APPROVED,"{""QuantityAgent"": ""OPTIMIZE_QUANTITY"", ""CostAgent"": ""COST_OPTIMIZE""}",0,True,True
MULTI-20251126185809-7,2025-11-26T18:58:09.121180,Curd (500g),1020,1020,3408,0,0.4274712627044762,MEDIUM,2388,"QuantityAgent: üìä Optimal: 2916 units (EOQ: 2647, Urgency: MEDIUM) | CostAgent: üíµ Cost-optimized: 1860 units (Est. savings: $10522.00)",QuantityAgent: AvgDailySales: -1.95; CurrentStock: -1.80 | CostAgent: AvgDailySales: -1.89; CurrentStock: -1.73,Multi-Agent Consensus: 2 agents,AUTO_APPROVED,"{""QuantityAgent"": ""OPTIMIZE_QUANTITY"", ""CostAgent"": ""COST_OPTIMIZE""}",0,True,True
MULTI-20251126185809-8,2025-11-26T18:58:09.121180,Coca Cola (2L),1086,1086,3144,0,0.6050237888951411,MEDIUM,2058,"QuantityAgent: üìä Optimal: 2712 units (EOQ: 2458, Urgency: MEDIUM) | CostAgent: üíµ Cost-optimized: 1404 units (Est. savings: $10945.41)",QuantityAgent: StockPercentage: -1.40; AvgDailySales: -0.60 | CostAgent: StockPercentage: -1.61; CurrentStock: -0.45,Multi-Agent Consensus: 2 agents,AUTO_APPROVED,"{""QuantityAgent"": ""OPTIMIZE_QUANTITY"", ""CostAgent"": ""COST_OPTIMIZE""}",0,True,True
MULTI-20251126185809-9,2025-11-26T18:58:09.121180,Bisleri Water (1L),1109,1109,2933,0,0.6947602383138477,LOW,1824,"QuantityAgent: üìä Optimal: 2400 units (EOQ: 2389, Urgency: LOW) | CostAgent: üíµ Cost-optimized: 1248 units (Est. savings: $11203.78)",QuantityAgent: StockPercentage: -1.77; CurrentStock: -0.70 | CostAgent: StockPercentage: -1.46; AvgDailySales: -0.52,Multi-Agent Consensus: 2 agents,AUTO_APPROVED,"{""QuantityAgent"": ""OPTIMIZE_QUANTITY"", ""CostAgent"": ""COST_OPTIMIZE""}",0,True,True
MULTI-20251126185809-10,2025-11-26T18:58:09.121180,Facewash (100ml),1021,1021,3409,0,0.4274712627044762,MEDIUM,2388,"QuantityAgent: üìä Optimal: 2916 units (EOQ: 2644, Urgency: MEDIUM) | CostAgent: üíµ Cost-optimized: 1860 units (Est. savings: $10500.07)",QuantityAgent: AvgDailySales: -1.97; CurrentStock: -1.83 | CostAgent: AvgDailySales: -1.84; CurrentStock: -1.84,Multi-Agent Consensus: 2 agents,AUTO_APPROVED,"{""QuantityAgent"": ""OPTIMIZE_QUANTITY"", ""CostAgent"": ""COST_OPTIMIZE""}",0,True,True
MULTI-20251126185809-11,2025-11-26T18:58:09.121180,Kurkure,1105,1105,3067,0,0.7052394264865293,MEDIUM,1962,"QuantityAgent: üìä Optimal: 2652 units (EOQ: 2401, Urgency: MEDIUM) | CostAgent: üíµ Cost-optimized: 1272 units (Est. savings: $10951.49)",QuantityAgent: StockPercentage: -1.46; CurrentStock: -0.59 | CostAgent: StockPercentage: -1.48; CurrentStock: -0.58,Multi-Agent Consensus: 2 agents,AUTO_APPROVED,"{""QuantityAgent"": ""OPTIMIZE_QUANTITY"", ""CostAgent"": ""COST_OPTIMIZE""}",0,True,True
MULTI-20251126185809-12,2025-11-26T18:58:09.121180,Cheese (200g),1115,1115,2902,0,0.8061728454048565,LOW,1787,"QuantityAgent: üìä Optimal: 2376 units (EOQ: 2370, Urgency: LOW) | CostAgent: üíµ Cost-optimized: 1200 units (Est. savings: $10807.14)",QuantityAgent: StockPercentage: -1.52; AvgDailySales: +0.61 | CostAgent: StockPercentage: -1.59; AvgDailySales: +0.35,Multi-Agent Consensus: 2 agents,AUTO_APPROVED,"{""QuantityAgent"": ""OPTIMIZE_QUANTITY"", ""CostAgent"": ""COST_OPTIMIZE""}",0,True,True
MULTI-20251126185809-13,2025-11-26T18:58:09.121180,Milk (1L),1104,1104,3066,0,0.7707952310215669,MEDIUM,1962,"QuantityAgent: üìä Optimal: 2652 units (EOQ: 2404, Urgency: MEDIUM) | CostAgent: üíµ Cost-optimized: 1272 units (Est. savings: $10983.56)",QuantityAgent: StockPercentage: -1.59; CurrentStock: -0.50 | CostAgent: StockPercentage: -1.58; AvgDailySales: -0.51,Multi-Agent Consensus: 2 agents,AUTO_APPROVED,"{""QuantityAgent"": ""OPTIMIZE_QUANTITY"", ""CostAgent"": ""COST_OPTIMIZE""}",0,True,True
MULTI-20251126185809-14,2025-11-26T18:58:09.121180,Shampoo (250ml),1073,1073,3197,0,0.7072847172114423,MEDIUM,2124,"QuantityAgent: üìä Optimal: 2748 units (EOQ: 2496, Urgency: MEDIUM) | CostAgent: üíµ Cost-optimized: 1500 units (Est. savings: $10829.30)",QuantityAgent: AvgDailySales: -1.94; CurrentStock: -1.69 | CostAgent: AvgDailySales: -1.79; StockPercentage: -1.67,Multi-Agent Consensus: 2 agents,AUTO_APPROVED,"{""QuantityAgent"": ""OPTIMIZE_QUANTITY"", ""CostAgent"": ""COST_OPTIMIZE""}",0,True,True
MULTI-20251126185809-15,2025-11-26T18:58:09.121180,Real Juice (1L),1086,1086,3144,0,0.6050237888951411,MEDIUM,2058,"QuantityAgent: üìä Optimal: 2712 units (EOQ: 2458, Urgency: MEDIUM) | CostAgent: üíµ Cost-optimized: 1404 units (Est. savings: $10945.41)",QuantityAgent: StockPercentage: -1.81; CurrentStock: -0.48 | CostAgent: StockPercentage: -1.52; CurrentStock: -0.51,Multi-Agent Consensus: 2 agents,AUTO_APPROVED,"{""QuantityAgent"": ""OPTIMIZE_QUANTITY"", ""CostAgent"": ""COST_OPTIMIZE""}",0,True,True
MULTI-20251126190121-0,2025-11-26T19:01:21.240364,Chocolate,923,923,3604,0,0.7489991333297761,MEDIUM,2681,"UrgencyAgent: üìã MEDIUM: 8.2 days supply | QuantityAgent: üìä Optimal: 3192 units (EOQ: 2902, Urgency: MEDIUM) | CostAgent: üíµ Cost-optimized: 2544 units (Est. savings: $9454.25)",UrgencyAgent: StockPercentage: -0.89; CurrentStock: -0.53 | QuantityAgent: StockPercentage: -0.83; CurrentStock: -0.47 | CostAgent: StockPercentage: -0.80; CurrentStock: -0.47,Multi-Agent Consensus: 3 agents,AUTO_APPROVED,"{""UrgencyAgent"": ""STANDARD_REORDER"", ""QuantityAgent"": ""OPTIMIZE_QUANTITY"", ""CostAgent"": ""COST_OPTIMIZE""}",0,True,True
MULTI-20251126190121-1,2025-11-26T19:01:21.240364,Red Bull (250ml),941,941,3542,0,0.738494914581531,MEDIUM,2601,"UrgencyAgent: üìã MEDIUM: 7.9 days supply | QuantityAgent: üìä Optimal: 3144 units (EOQ: 2856, Urgency: MEDIUM) | CostAgent: üíµ Cost-optimized: 2424 units (Est. savings: $8879.96)",UrgencyAgent: StockPercentage: -0.87; AvgDailySales: +0.19 | QuantityAgent: StockPercentage: -0.78; AvgDailySales: +0.16 | CostAgent: StockPercentage: -0.83; AvgDailySales: +0.20,Multi-Agent Consensus: 3 agents,AUTO_APPROVED,"{""UrgencyAgent"": ""STANDARD_REORDER"", ""QuantityAgent"": ""OPTIMIZE_QUANTITY"", ""CostAgent"": ""COST_OPTIMIZE""}",0,True,True
MULTI-20251126190121-2,2025-11-26T19:01:21.240364,Soap (125g),695,695,4904,0,0.43818620348989173,HIGH,4209,"UrgencyAgent: ‚ö†Ô∏è HIGH PRIORITY: 3.7 days remaining | QuantityAgent: üìä Optimal: 4464 units (EOQ: 3428, Urgency: HIGH) | CostAgent: üíµ Cost-optimized: 4944 units (Est. savings: $5892.53)",UrgencyAgent: CurrentStock: -1.02; AvgDailySales: -1.02 | QuantityAgent: AvgDailySales: -0.99; CurrentStock: -0.99 | CostAgent: AvgDailySales: -0.96; CurrentStock: -0.92,Multi-Agent Consensus: 3 agents,AUTO_APPROVED,"{""UrgencyAgent"": ""URGENT_REORDER"", ""QuantityAgent"": ""OPTIMIZE_QUANTITY"", ""CostAgent"": ""COST_OPTIMIZE""}",0,True,True
MULTI-20251126190121-3,2025-11-26T19:01:21.240364,Lays Chips,867,867,4219,0,0.7683764211571056,HIGH,3352,"UrgencyAgent: üìã MEDIUM: 6.5 days supply | QuantityAgent: üìä Optimal: 3960 units (EOQ: 3040, Urgency: HIGH) | CostAgent: üíµ Cost-optimized: 3564 units (Est. savings: $8207.31)",UrgencyAgent: StockPercentage: -0.80; CurrentStock: -0.52 | QuantityAgent: StockPercentage: -0.86; CurrentStock: -0.52 | CostAgent: StockPercentage: -0.87; CurrentStock: -0.43,Multi-Agent Consensus: 3 agents,AUTO_APPROVED,"{""UrgencyAgent"": ""STANDARD_REORDER"", ""QuantityAgent"": ""OPTIMIZE_QUANTITY"", ""CostAgent"": ""COST_OPTIMIZE""}",0,True,True
MULTI-20251126190121-4,2025-11-26T19:01:21.240364,Cooking Oil (1L),996,996,3340,0,0.711971687555471,MEDIUM,2344,"UrgencyAgent: üìã MEDIUM: 9.6 days supply | QuantityAgent: üìä Optimal: 2988 units (EOQ: 2712, Urgency: MEDIUM) | CostAgent: üíµ Cost-optimized: 2028 units (Est. savings: $9724.09)",UrgencyAgent: CurrentStock: +1.20; AvgDailySales: +1.02 | QuantityAgent: CurrentStock: +1.22; AvgDailySales: +0.98 | CostAgent: CurrentStock: +1.32; AvgDailySales: +1.06,Multi-Agent Consensus: 3 agents,AUTO_APPROVED,"{""UrgencyAgent"": ""STANDARD_REORDER"", ""QuantityAgent"": ""OPTIMIZE_QUANTITY"", ""CostAgent"": ""COST_OPTIMIZE""}",0,True,True
MULTI-20251126190121-5,2025-11-26T19:01:21.240364,Paneer (200g),824,824,4393,0,0.670221966016621,HIGH,3569,"UrgencyAgent: üìã MEDIUM: 5.7 days supply | QuantityAgent: üìä Optimal: 4092 units (EOQ: 3141, Urgency: HIGH) | CostAgent: üíµ Cost-optimized: 3912 units (Est. savings: $7763.89)",UrgencyAgent: AvgDailySales: -1.00; CurrentStock: -0.90 | QuantityAgent: AvgDailySales: -0.98; CurrentStock: -0.90 | CostAgent: CurrentStock: -1.01; AvgDailySales: -0.95,Multi-Agent Consensus: 3 agents,AUTO_APPROVED,"{""UrgencyAgent"": ""STANDARD_REORDER"", ""QuantityAgent"": ""OPTIMIZE_QUANTITY"", ""CostAgent"": ""COST_OPTIMIZE""}",0,True,True
MULTI-20251126190121-6,2025-11-26T19:01:21.240364,Pepsi (2L),920,920,3617,0,0.7696014341227149,MEDIUM,2697,"UrgencyAgent: üìã MEDIUM: 8.1 days supply | QuantityAgent: üìä Optimal: 3204 units (EOQ: 2909, Urgency: MEDIUM) | CostAgent: üíµ Cost-optimized: 2568 units (Est. savings: $9342.47)",UrgencyAgent: StockPercentage: -0.77; CurrentStock: -0.43 | QuantityAgent: StockPercentage: -0.86; CurrentStock: -0.53 | CostAgent: StockPercentage: -0.88; CurrentStock: -0.49,Multi-Agent Consensus: 3 agents,AUTO_APPROVED,"{""UrgencyAgent"": ""STANDARD_REORDER"", ""QuantityAgent"": ""OPTIMIZE_QUANTITY"", ""CostAgent"": ""COST_OPTIMIZE""}",0,True,True
MULTI-20251126190121-7,2025-11-26T19:01:21.240364,Curd (500g),793,793,4515,0,0.617006399582433,HIGH,3722,"UrgencyAgent: üìã MEDIUM: 6.2 days supply | QuantityAgent: üìä Optimal: 4176 units (EOQ: 3212, Urgency: HIGH) | CostAgent: üíµ Cost-optimized: 4164 units (Est. savings: $8770.90)",UrgencyAgent: AvgDailySales: -1.05; CurrentStock: -0.97 | QuantityAgent: CurrentStock: -0.97; AvgDailySales: -0.96 | CostAgent: StockPercentage: -0.95; CurrentStock: -0.93,Multi-Agent Consensus: 3 agents,AUTO_APPROVED,"{""UrgencyAgent"": ""STANDARD_REORDER"", ""QuantityAgent"": ""OPTIMIZE_QUANTITY"", ""CostAgent"": ""COST_OPTIMIZE""}",0,True,True
MULTI-20251126190121-8,2025-11-26T19:01:21.240364,Coca Cola (2L),847,847,4301,0,0.8501378674528551,HIGH,3454,"UrgencyAgent: üìã MEDIUM: 6.6 days supply | QuantityAgent: üìä Optimal: 4020 units (EOQ: 3087, Urgency: HIGH) | CostAgent: üíµ Cost-optimized: 3732 units (Est. savings: $8652.21)",UrgencyAgent: StockPercentage: -0.96; CurrentStock: -0.42 | QuantityAgent: StockPercentage: -0.79; CurrentStock: -0.46 | CostAgent: StockPercentage: -0.88; CurrentStock: -0.49,Multi-Agent Consensus: 3 agents,AUTO_APPROVED,"{""UrgencyAgent"": ""STANDARD_REORDER"", ""QuantityAgent"": ""OPTIMIZE_QUANTITY"", ""CostAgent"": ""COST_OPTIMIZE""}",0,True,True
MULTI-20251126190121-9,2025-11-26T19:01:21.240364,Bisleri Water (1L),917,917,3630,0,0.7696014341227149,MEDIUM,2713,"UrgencyAgent: üìã MEDIUM: 8.1 days supply | QuantityAgent: üìä Optimal: 3216 units (EOQ: 2917, Urgency: MEDIUM) | CostAgent: üíµ Cost-optimized: 2592 units (Est. savings: $9390.80)",UrgencyAgent: StockPercentage: -0.80; CurrentStock: -0.49 | QuantityAgent: StockPercentage: -0.91; CurrentStock: -0.53 | CostAgent: StockPercentage: -0.93; CurrentStock: -0.51,Multi-Agent Consensus: 3 agents,AUTO_APPROVED,"{""UrgencyAgent"": ""STANDARD_REORDER"", ""QuantityAgent"": ""OPTIMIZE_QUANTITY"", ""CostAgent"": ""COST_OPTIMIZE""}",0,True,True
MULTI-20251126190121-10,2025-11-26T19:01:21.240364,Rice (5kg),959,959,3476,0,0.5891954886287485,MEDIUM,2517,"UrgencyAgent: üìã MEDIUM: 8.8 days supply | QuantityAgent: üìä Optimal: 3096 units (EOQ: 2810, Urgency: MEDIUM) | CostAgent: üíµ Cost-optimized: 2292 units (Est. savings: $9547.89)",UrgencyAgent: StockPercentage: -0.89; AvgDailySales: +0.26 | QuantityAgent: StockPercentage: -0.91; CurrentStock: +0.20 | CostAgent: StockPercentage: -0.71; AvgDailySales: +0.25,Multi-Agent Consensus: 3 agents,AUTO_APPROVED,"{""UrgencyAgent"": ""STANDARD_REORDER"", ""QuantityAgent"": ""OPTIMIZE_QUANTITY"", ""CostAgent"": ""COST_OPTIMIZE""}",0,True,True
MULTI-20251126190121-11,2025-11-26T19:01:21.240364,Facewash (100ml),802,802,4480,0,0.629460739540783,HIGH,3678,"UrgencyAgent: üìã MEDIUM: 6.2 days supply | QuantityAgent: üìä Optimal: 4152 units (EOQ: 3192, Urgency: HIGH) | CostAgent: üíµ Cost-optimized: 4092 units (Est. savings: $8699.44)",UrgencyAgent: CurrentStock: -0.91; StockPercentage: -0.91 | QuantityAgent: AvgDailySales: -0.93; CurrentStock: -0.92 | CostAgent: AvgDailySales: -1.05; CurrentStock: -0.96,Multi-Agent Consensus: 3 agents,AUTO_APPROVED,"{""UrgencyAgent"": ""STANDARD_REORDER"", ""QuantityAgent"": ""OPTIMIZE_QUANTITY"", ""CostAgent"": ""COST_OPTIMIZE""}",0,True,True
MULTI-20251126190121-12,2025-11-26T19:01:21.240364,Kurkure,887,887,4136,0,0.8456718592720458,HIGH,3249,"UrgencyAgent: üìã MEDIUM: 7.0 days supply | QuantityAgent: üìä Optimal: 3888 units (EOQ: 2991, Urgency: HIGH) | CostAgent: üíµ Cost-optimized: 3408 units (Est. savings: $8526.03)",UrgencyAgent: StockPercentage: -0.91; CurrentStock: -0.52 | QuantityAgent: StockPercentage: -0.84; CurrentStock: -0.50 | CostAgent: StockPercentage: -0.82; CurrentStock: -0.48,Multi-Agent Consensus: 3 agents,AUTO_APPROVED,"{""UrgencyAgent"": ""STANDARD_REORDER"", ""QuantityAgent"": ""OPTIMIZE_QUANTITY"", ""CostAgent"": ""COST_OPTIMIZE""}",0,True,True
MULTI-20251126190121-13,2025-11-26T19:01:21.240364,Cheese (200g),889,889,4131,0,0.8458901269389587,HIGH,3242,"UrgencyAgent: üìã MEDIUM: 6.9 days supply | QuantityAgent: üìä Optimal: 3888 units (EOQ: 2986, Urgency: HIGH) | CostAgent: üíµ Cost-optimized: 3396 units (Est. savings: $8468.27)",UrgencyAgent: StockPercentage: -0.88; CurrentStock: -0.50 | QuantityAgent: StockPercentage: -0.85; CurrentStock: -0.50 | CostAgent: StockPercentage: -0.86; CurrentStock: -0.49,Multi-Agent Consensus: 3 agents,AUTO_APPROVED,"{""UrgencyAgent"": ""STANDARD_REORDER"", ""QuantityAgent"": ""OPTIMIZE_QUANTITY"", ""CostAgent"": ""COST_OPTIMIZE""}",0,True,True
MULTI-20251126190121-14,2025-11-26T19:01:21.240364,Biscuits,935,935,3564,0,0.6630611144654812,MEDIUM,2629,"UrgencyAgent: üìã MEDIUM: 7.8 days supply | QuantityAgent: üìä Optimal: 3168 units (EOQ: 2872, Urgency: MEDIUM) | CostAgent: üíµ Cost-optimized: 2460 units (Est. savings: $8805.69)",UrgencyAgent: StockPercentage: -0.84; AvgDailySales: +0.23 | QuantityAgent: StockPercentage: -0.90; CurrentStock: +0.22 | CostAgent: StockPercentage: -0.95; AvgDailySales: +0.31,Multi-Agent Consensus: 3 agents,AUTO_APPROVED,"{""UrgencyAgent"": ""STANDARD_REORDER"", ""QuantityAgent"": ""OPTIMIZE_QUANTITY"", ""CostAgent"": ""COST_OPTIMIZE""}",0,True,True
MULTI-20251126190121-15,2025-11-26T19:01:21.240364,Milk (1L),932,932,3573,0,0.6697392147277279,MEDIUM,2641,"UrgencyAgent: üìã MEDIUM: 8.2 days supply | QuantityAgent: üìä Optimal: 3168 units (EOQ: 2879, Urgency: MEDIUM) | CostAgent: üíµ Cost-optimized: 2484 units (Est. savings: $9291.06)",UrgencyAgent: StockPercentage: -0.84; AvgDailySales: +0.28 | QuantityAgent: StockPercentage: -0.74; AvgDailySales: +0.22 | CostAgent: StockPercentage: -0.90; AvgDailySales: +0.16,Multi-Agent Consensus: 3 agents,AUTO_APPROVED,"{""UrgencyAgent"": ""STANDARD_REORDER"", ""QuantityAgent"": ""OPTIMIZE_QUANTITY"", ""CostAgent"": ""COST_OPTIMIZE""}",0,True,True
MULTI-20251126190121-16,2025-11-26T19:01:21.240364,Shampoo (250ml),829,829,4371,0,0.6989072574181545,HIGH,3542,"UrgencyAgent: üìã MEDIUM: 6.3 days supply | QuantityAgent: üìä Optimal: 4068 units (EOQ: 3129, Urgency: HIGH) | CostAgent: üíµ Cost-optimized: 3876 units (Est. savings: $8397.21)",UrgencyAgent: CurrentStock: -0.93; AvgDailySales: -0.92 | QuantityAgent: AvgDailySales: -1.03; CurrentStock: -0.96 | CostAgent: CurrentStock: -0.97; AvgDailySales: -0.94,Multi-Agent Consensus: 3 agents,AUTO_APPROVED,"{""UrgencyAgent"": ""STANDARD_REORDER"", ""QuantityAgent"": ""OPTIMIZE_QUANTITY"", ""CostAgent"": ""COST_OPTIMIZE""}",0,True,True
MULTI-20251126190121-17,2025-11-26T19:01:21.240364,Dry Fruits (250g),988,988,3370,0,0.7016067958605965,MEDIUM,2382,"UrgencyAgent: üìã MEDIUM: 9.5 days supply | QuantityAgent: üìä Optimal: 3012 units (EOQ: 2734, Urgency: MEDIUM) | CostAgent: üíµ Cost-optimized: 2088 units (Est. savings: $9712.33)",UrgencyAgent: CurrentStock: +1.24; AvgDailySales: +1.01 | QuantityAgent: CurrentStock: +1.24; AvgDailySales: +1.09 | CostAgent: CurrentStock: +1.28; AvgDailySales: +1.05,Multi-Agent Consensus: 3 agents,AUTO_APPROVED,"{""UrgencyAgent"": ""STANDARD_REORDER"", ""QuantityAgent"": ""OPTIMIZE_QUANTITY"", ""CostAgent"": ""COST_OPTIMIZE""}",0,True,True
MULTI-20251126190121-18,2025-11-26T19:01:21.240364,Toothpaste (150g),720,720,4804,0,0.4712999816906187,HIGH,4084,"UrgencyAgent: ‚ö†Ô∏è HIGH PRIORITY: 4.5 days remaining | QuantityAgent: üìä Optimal: 4392 units (EOQ: 3374, Urgency: HIGH) | CostAgent: üíµ Cost-optimized: 4740 units (Est. savings: $6961.31)",UrgencyAgent: CurrentStock: -0.93; AvgDailySales: -0.92 | QuantityAgent: AvgDailySales: -1.00; CurrentStock: -0.96 | CostAgent: AvgDailySales: -1.05; CurrentStock: -0.95,Multi-Agent Consensus: 3 agents,AUTO_APPROVED,"{""UrgencyAgent"": ""URGENT_REORDER"", ""QuantityAgent"": ""OPTIMIZE_QUANTITY"", ""CostAgent"": ""COST_OPTIMIZE""}",0,True,True
MULTI-20251126190121-19,2025-11-26T19:01:21.240364,Butter (100g),926,926,3595,0,0.7543600533727942,MEDIUM,2669,"UrgencyAgent: üìã MEDIUM: 8.3 days supply | QuantityAgent: üìä Optimal: 3192 units (EOQ: 2894, Urgency: MEDIUM) | CostAgent: üíµ Cost-optimized: 2520 units (Est. savings: $9511.28)",UrgencyAgent: StockPercentage: -0.86; AvgDailySales: +0.20 | QuantityAgent: StockPercentage: -0.80; AvgDailySales: +0.35 | CostAgent: StockPercentage: -0.75; AvgDailySales: +0.21,Multi-Agent Consensus: 3 agents,AUTO_APPROVED,"{""UrgencyAgent"": ""STANDARD_REORDER"", ""QuantityAgent"": ""OPTIMIZE_QUANTITY"", ""CostAgent"": ""COST_OPTIMIZE""}",0,True,True
MULTI-20251126190121-20,2025-11-26T19:01:21.240364,Real Juice (1L),871,871,4205,0,0.7527579448613696,HIGH,3334,"UrgencyAgent: üìã MEDIUM: 6.5 days supply | QuantityAgent: üìä Optimal: 3948 units (EOQ: 3030, Urgency: HIGH) | CostAgent: üíµ Cost-optimized: 3540 units (Est. savings: $8185.01)",UrgencyAgent: StockPercentage: -0.93; CurrentStock: -0.57 | QuantityAgent: StockPercentage: -0.85; CurrentStock: -0.45 | CostAgent: StockPercentage: -0.94; CurrentStock: -0.56,Multi-Agent Consensus: 3 agents,AUTO_APPROVED,"{""UrgencyAgent"": ""STANDARD_REORDER"", ""QuantityAgent"": ""OPTIMIZE_QUANTITY"", ""CostAgent"": ""COST_OPTIMIZE""}",0,True,True
MULTI-20251126190121-21,2025-11-26T19:01:21.240364,Sugar (1kg),1045,1045,3313,0,0.6486234907711073,MEDIUM,2268,"QuantityAgent: üìä Optimal: 2844 units (EOQ: 2577, Urgency: MEDIUM) | CostAgent: üíµ Cost-optimized: 1692 units (Est. savings: $10020.12)",QuantityAgent: CurrentStock: +1.22; AvgDailySales: +0.97 | CostAgent: CurrentStock: +1.26; AvgDailySales: +0.98,Multi-Agent Consensus: 2 agents,AUTO_APPROVED,"{""QuantityAgent"": ""OPTIMIZE_QUANTITY"", ""CostAgent"": ""COST_OPTIMIZE""}",0,True,True
MULTI-20251126190121-22,2025-11-26T19:01:21.240364,Pulses (1kg),1015,1015,3427,0,0.6466673202665222,MEDIUM,2412,"QuantityAgent: üìä Optimal: 2928 units (EOQ: 2661, Urgency: MEDIUM) | CostAgent: üíµ Cost-optimized: 1896 units (Est. savings: $10291.63)",QuantityAgent: CurrentStock: +1.26; AvgDailySales: +1.04 | CostAgent: CurrentStock: +1.32; AvgDailySales: +1.05,Multi-Agent Consensus: 2 agents,AUTO_APPROVED,"{""QuantityAgent"": ""OPTIMIZE_QUANTITY"", ""CostAgent"": ""COST_OPTIMIZE""}",0,True,True
MULTI-20251126190121-23,2025-11-26T19:01:21.240364,Wheat Flour (5kg),1037,1037,3347,0,0.6486234907711073,MEDIUM,2310,"QuantityAgent: üìä Optimal: 2868 units (EOQ: 2599, Urgency: MEDIUM) | CostAgent: üíµ Cost-optimized: 1752 units (Est. savings: $10196.29)",QuantityAgent: CurrentStock: +1.33; AvgDailySales: +1.03 | CostAgent: CurrentStock: +1.24; AvgDailySales: +1.02,Multi-Agent Consensus: 2 agents,AUTO_APPROVED,"{""QuantityAgent"": ""OPTIMIZE_QUANTITY"", ""CostAgent"": ""COST_OPTIMIZE""}",0,True,True
MULTI-20251126190121-24,2025-11-26T19:01:21.240364,Salt (1kg),1023,1023,3399,0,0.69103318417909,MEDIUM,2376,"QuantityAgent: üìä Optimal: 2904 units (EOQ: 2638, Urgency: MEDIUM) | CostAgent: üíµ Cost-optimized: 1848 units (Est. savings: $10089.90)",QuantityAgent: CurrentStock: +1.31; AvgDailySales: +1.05 | CostAgent: CurrentStock: +1.21; AvgDailySales: +1.07,Multi-Agent Consensus: 2 agents,AUTO_APPROVED,"{""QuantityAgent"": ""OPTIMIZE_QUANTITY"", ""CostAgent"": ""COST_OPTIMIZE""}",0,True,True
MULTI-20251126190442-0,2025-11-26T19:04:42.419201,Chocolate,575,575,5368,0,0.9241308294738294,HIGH,4793,"UrgencyAgent: ‚ö†Ô∏è HIGH PRIORITY: 3.1 days remaining | QuantityAgent: üìä Optimal: 4776 units (EOQ: 3674, Urgency: HIGH) | CostAgent: üíµ Cost-optimized: 5904 units (Est. savings: $5680.90)",UrgencyAgent: StockPercentage: -0.47; CurrentStock: +0.14 | QuantityAgent: StockPercentage: -0.42; AvgDailySales: +0.06 | CostAgent: StockPercentage: -0.42; AvgDailySales: +0.11,Multi-Agent Consensus: 3 agents,AUTO_APPROVED,"{""UrgencyAgent"": ""URGENT_REORDER"", ""QuantityAgent"": ""OPTIMIZE_QUANTITY"", ""CostAgent"": ""COST_OPTIMIZE""}",0,True,True
MULTI-20251126190442-1,2025-11-26T19:04:42.419201,Red Bull (250ml),615,615,6047,0,0.6913675932945053,CRITICAL,5432,"UrgencyAgent: ‚ö†Ô∏è HIGH PRIORITY: 2.9 days remaining | QuantityAgent: üìä Optimal: 5400 units (EOQ: 3594, Urgency: CRITICAL) | CostAgent: üíµ Cost-optimized: 7356 units (Est. savings: $5176.19)",UrgencyAgent: StockPercentage: -0.52; AvgDailySales: +0.07 | QuantityAgent: StockPercentage: -0.49; CurrentStock: +0.13 | CostAgent: StockPercentage: -0.40; AvgDailySales: +0.09,Multi-Agent Consensus: 3 agents,AUTO_APPROVED,"{""UrgencyAgent"": ""URGENT_REORDER"", ""QuantityAgent"": ""OPTIMIZE_QUANTITY"", ""CostAgent"": ""COST_OPTIMIZE""}",0,True,True
MULTI-20251126190442-2,2025-11-26T19:04:42.419201,Soap (125g),259,259,8509,0,0.7435682720996798,CRITICAL,8250,"UrgencyAgent: üö® EMERGENCY: Only 1.1 days until stockout! | QuantityAgent: üìä Optimal: 6384 units (EOQ: 4256, Urgency: CRITICAL) | CostAgent: üíµ Cost-optimized: 10920 units (Est. savings: $2725.99)",UrgencyAgent: AvgDailySales: -0.80; CurrentStock: -0.62 | QuantityAgent: AvgDailySales: -0.75; CurrentStock: -0.65 | CostAgent: AvgDailySales: -0.76; CurrentStock: -0.66,Multi-Agent Consensus: 3 agents,AUTO_APPROVED,"{""UrgencyAgent"": ""IMMEDIATE_REORDER"", ""QuantityAgent"": ""OPTIMIZE_QUANTITY"", ""CostAgent"": ""COST_OPTIMIZE""}",0,True,True
MULTI-20251126190442-3,2025-11-26T19:04:42.419201,Lays Chips,529,529,6447,0,0.7952759742898475,CRITICAL,5918,"UrgencyAgent: ‚ö†Ô∏è HIGH PRIORITY: 3.0 days remaining | QuantityAgent: üìä Optimal: 5652 units (EOQ: 3765, Urgency: CRITICAL) | CostAgent: üíµ Cost-optimized: 8220 units (Est. savings: $5813.18)",UrgencyAgent: StockPercentage: -0.41; AvgDailySales: -0.15 | QuantityAgent: StockPercentage: -0.47; AvgDailySales: -0.14 | CostAgent: StockPercentage: -0.44; AvgDailySales: -0.17,Multi-Agent Consensus: 3 agents,AUTO_APPROVED,"{""UrgencyAgent"": ""URGENT_REORDER"", ""QuantityAgent"": ""OPTIMIZE_QUANTITY"", ""CostAgent"": ""COST_OPTIMIZE""}",0,True,True
MULTI-20251126190442-4,2025-11-26T19:04:42.419201,Cooking Oil (1L),782,782,4559,0,0.70578190471677,HIGH,3777,"UrgencyAgent: ‚ö†Ô∏è HIGH PRIORITY: 4.9 days remaining | QuantityAgent: üìä Optimal: 4212 units (EOQ: 3237, Urgency: HIGH) | CostAgent: üíµ Cost-optimized: 4248 units (Est. savings: $7090.33)",UrgencyAgent: AvgDailySales: +0.87; CurrentStock: +0.65 | QuantityAgent: AvgDailySales: +0.83; CurrentStock: +0.66 | CostAgent: AvgDailySales: +0.86; CurrentStock: +0.66,Multi-Agent Consensus: 3 agents,AUTO_APPROVED,"{""UrgencyAgent"": ""URGENT_REORDER"", ""QuantityAgent"": ""OPTIMIZE_QUANTITY"", ""CostAgent"": ""COST_OPTIMIZE""}",0,True,True
MULTI-20251126190442-5,2025-11-26T19:04:42.419201,Paneer (200g),486,486,6642,0,0.7697057592548124,CRITICAL,6156,"UrgencyAgent: ‚ö†Ô∏è HIGH PRIORITY: 2.6 days remaining | QuantityAgent: üìä Optimal: 5772 units (EOQ: 3847, Urgency: CRITICAL) | CostAgent: üíµ Cost-optimized: 8640 units (Est. savings: $5312.05)",UrgencyAgent: StockPercentage: -0.49; AvgDailySales: -0.25 | QuantityAgent: StockPercentage: -0.48; AvgDailySales: -0.18 | CostAgent: StockPercentage: -0.40; AvgDailySales: -0.20,Multi-Agent Consensus: 3 agents,AUTO_APPROVED,"{""UrgencyAgent"": ""URGENT_REORDER"", ""QuantityAgent"": ""OPTIMIZE_QUANTITY"", ""CostAgent"": ""COST_OPTIMIZE""}",0,True,True
MULTI-20251126190442-6,2025-11-26T19:04:42.419201,Sugar (1kg),709,709,4851,0,0.8249413670662907,HIGH,4142,"UrgencyAgent: ‚ö†Ô∏è HIGH PRIORITY: 4.3 days remaining | QuantityAgent: üìä Optimal: 4428 units (EOQ: 3398, Urgency: HIGH) | CostAgent: üíµ Cost-optimized: 4836 units (Est. savings: $6829.72)",UrgencyAgent: AvgDailySales: +0.89; CurrentStock: +0.68 | QuantityAgent: AvgDailySales: +0.88; CurrentStock: +0.69 | CostAgent: AvgDailySales: +0.86; CurrentStock: +0.67,Multi-Agent Consensus: 3 agents,AUTO_APPROVED,"{""UrgencyAgent"": ""URGENT_REORDER"", ""QuantityAgent"": ""OPTIMIZE_QUANTITY"", ""CostAgent"": ""COST_OPTIMIZE""}",0,True,True
MULTI-20251126190442-7,2025-11-26T19:04:42.419201,Pepsi (2L),573,573,5377,0,0.9241308294738294,HIGH,4804,"UrgencyAgent: ‚ö†Ô∏è HIGH PRIORITY: 3.1 days remaining | QuantityAgent: üìä Optimal: 4788 units (EOQ: 3678, Urgency: HIGH) | CostAgent: üíµ Cost-optimized: 5916 units (Est. savings: $5693.18)",UrgencyAgent: StockPercentage: -0.43; AvgDailySales: +0.06 | QuantityAgent: StockPercentage: -0.47; AvgDailySales: +0.09 | CostAgent: StockPercentage: -0.47; AvgDailySales: +0.07,Multi-Agent Consensus: 3 agents,AUTO_APPROVED,"{""UrgencyAgent"": ""URGENT_REORDER"", ""QuantityAgent"": ""OPTIMIZE_QUANTITY"", ""CostAgent"": ""COST_OPTIMIZE""}",0,True,True
MULTI-20251126190442-8,2025-11-26T19:04:42.419201,Curd (500g),441,441,7558,0,0.7142740050593469,CRITICAL,7117,"UrgencyAgent: üö® EMERGENCY: Only 1.9 days until stockout! | QuantityAgent: üìä Optimal: 5904 units (EOQ: 3932, Urgency: CRITICAL) | CostAgent: üíµ Cost-optimized: 9096 units (Est. savings: $4000.72)",UrgencyAgent: AvgDailySales: -0.76; CurrentStock: -0.70 | QuantityAgent: AvgDailySales: -0.79; CurrentStock: -0.64 | CostAgent: AvgDailySales: -0.76; CurrentStock: -0.68,Multi-Agent Consensus: 3 agents,AUTO_APPROVED,"{""UrgencyAgent"": ""IMMEDIATE_REORDER"", ""QuantityAgent"": ""OPTIMIZE_QUANTITY"", ""CostAgent"": ""COST_OPTIMIZE""}",0,True,True
MULTI-20251126190442-9,2025-11-26T19:04:42.419201,Coca Cola (2L),402,402,7761,0,0.7061277194736914,CRITICAL,7359,"UrgencyAgent: üö® EMERGENCY: Only 1.6 days until stockout! | QuantityAgent: üìä Optimal: 6012 units (EOQ: 4003, Urgency: CRITICAL) | CostAgent: üíµ Cost-optimized: 9480 units (Est. savings: $3412.24)",UrgencyAgent: AvgDailySales: -0.78; CurrentStock: -0.68 | QuantityAgent: AvgDailySales: -0.79; CurrentStock: -0.70 | CostAgent: AvgDailySales: -0.81; CurrentStock: -0.66,Multi-Agent Consensus: 3 agents,AUTO_APPROVED,"{""UrgencyAgent"": ""IMMEDIATE_REORDER"", ""QuantityAgent"": ""OPTIMIZE_QUANTITY"", ""CostAgent"": ""COST_OPTIMIZE""}",0,True,True
MULTI-20251126190442-10,2025-11-26T19:04:42.419201,Pulses (1kg),674,674,4987,0,0.7943453406205118,HIGH,4313,"UrgencyAgent: ‚ö†Ô∏è HIGH PRIORITY: 4.4 days remaining | QuantityAgent: üìä Optimal: 4524 units (EOQ: 3472, Urgency: HIGH) | CostAgent: üíµ Cost-optimized: 5112 units (Est. savings: $7216.71)",UrgencyAgent: AvgDailySales: +0.86; CurrentStock: +0.66 | QuantityAgent: AvgDailySales: +0.83; CurrentStock: +0.64 | CostAgent: AvgDailySales: +0.90; CurrentStock: +0.66,Multi-Agent Consensus: 3 agents,AUTO_APPROVED,"{""UrgencyAgent"": ""URGENT_REORDER"", ""QuantityAgent"": ""OPTIMIZE_QUANTITY"", ""CostAgent"": ""COST_OPTIMIZE""}",0,True,True
MULTI-20251126190442-11,2025-11-26T19:04:42.419201,Bisleri Water (1L),570,570,5390,0,0.9225640209455102,HIGH,4820,"UrgencyAgent: ‚ö†Ô∏è HIGH PRIORITY: 3.1 days remaining | QuantityAgent: üìä Optimal: 4800 units (EOQ: 3684, Urgency: HIGH) | CostAgent: üíµ Cost-optimized: 5940 units (Est. savings: $5824.62)",UrgencyAgent: StockPercentage: -0.55; CurrentStock: +0.19 | QuantityAgent: StockPercentage: -0.44; AvgDailySales: +0.15 | CostAgent: StockPercentage: -0.43; CurrentStock: +0.06,Multi-Agent Consensus: 3 agents,AUTO_APPROVED,"{""UrgencyAgent"": ""URGENT_REORDER"", ""QuantityAgent"": ""OPTIMIZE_QUANTITY"", ""CostAgent"": ""COST_OPTIMIZE""}",0,True,True
MULTI-20251126190442-12,2025-11-26T19:04:42.419201,Rice (5kg),647,647,5092,0,0.6556188710795988,HIGH,4445,"UrgencyAgent: ‚ö†Ô∏è HIGH PRIORITY: 4.1 days remaining | QuantityAgent: üìä Optimal: 4596 units (EOQ: 3528, Urgency: HIGH) | CostAgent: üíµ Cost-optimized: 5328 units (Est. savings: $7068.50)",UrgencyAgent: AvgDailySales: +0.90; CurrentStock: +0.64 | QuantityAgent: AvgDailySales: +0.86; CurrentStock: +0.68 | CostAgent: AvgDailySales: +0.88; CurrentStock: +0.66,Multi-Agent Consensus: 3 agents,AUTO_APPROVED,"{""UrgencyAgent"": ""URGENT_REORDER"", ""QuantityAgent"": ""OPTIMIZE_QUANTITY"", ""CostAgent"": ""COST_OPTIMIZE""}",0,True,True
MULTI-20251126190442-13,2025-11-26T19:04:42.419201,Facewash (100ml),356,356,8004,0,0.6288042874640358,CRITICAL,7648,"UrgencyAgent: üö® EMERGENCY: Only 1.6 days until stockout! | QuantityAgent: üìä Optimal: 6132 units (EOQ: 4086, Urgency: CRITICAL) | CostAgent: üíµ Cost-optimized: 9948 units (Est. savings: $3689.68)",UrgencyAgent: AvgDailySales: -0.77; CurrentStock: -0.60 | QuantityAgent: AvgDailySales: -0.79; CurrentStock: -0.69 | CostAgent: AvgDailySales: -0.76; CurrentStock: -0.67,Multi-Agent Consensus: 3 agents,AUTO_APPROVED,"{""UrgencyAgent"": ""IMMEDIATE_REORDER"", ""QuantityAgent"": ""OPTIMIZE_QUANTITY"", ""CostAgent"": ""COST_OPTIMIZE""}",0,True,True
MULTI-20251126190442-14,2025-11-26T19:04:42.419201,Kurkure,522,522,6478,0,0.7981785155661991,CRITICAL,5956,"UrgencyAgent: ‚ö†Ô∏è HIGH PRIORITY: 2.7 days remaining | QuantityAgent: üìä Optimal: 5676 units (EOQ: 3778, Urgency: CRITICAL) | CostAgent: üíµ Cost-optimized: 8280 units (Est. savings: $5330.56)",UrgencyAgent: StockPercentage: -0.42; AvgDailySales: -0.17 | QuantityAgent: StockPercentage: -0.43; AvgDailySales: -0.19 | CostAgent: StockPercentage: -0.48; AvgDailySales: -0.08,Multi-Agent Consensus: 3 agents,AUTO_APPROVED,"{""UrgencyAgent"": ""URGENT_REORDER"", ""QuantityAgent"": ""OPTIMIZE_QUANTITY"", ""CostAgent"": ""COST_OPTIMIZE""}",0,True,True
MULTI-20251126190442-15,2025-11-26T19:04:42.419201,Cheese (200g),572,572,5381,0,0.9310579067925143,HIGH,4809,"UrgencyAgent: ‚ö†Ô∏è HIGH PRIORITY: 3.1 days remaining | QuantityAgent: üìä Optimal: 4788 units (EOQ: 3680, Urgency: HIGH) | CostAgent: üíµ Cost-optimized: 5928 units (Est. savings: $5821.15)",UrgencyAgent: StockPercentage: -0.50; CurrentStock: +0.13 | QuantityAgent: StockPercentage: -0.49; AvgDailySales: +0.16 | CostAgent: StockPercentage: -0.49; AvgDailySales: +0.08,Multi-Agent Consensus: 3 agents,AUTO_APPROVED,"{""UrgencyAgent"": ""URGENT_REORDER"", ""QuantityAgent"": ""OPTIMIZE_QUANTITY"", ""CostAgent"": ""COST_OPTIMIZE""}",0,True,True
MULTI-20251126190442-16,2025-11-26T19:04:42.419201,Wheat Flour (5kg),726,726,4782,0,0.7800741731555582,HIGH,4056,"UrgencyAgent: ‚ö†Ô∏è HIGH PRIORITY: 4.4 days remaining | QuantityAgent: üìä Optimal: 4380 units (EOQ: 3361, Urgency: HIGH) | CostAgent: üíµ Cost-optimized: 4692 units (Est. savings: $6757.41)",UrgencyAgent: AvgDailySales: +0.88; CurrentStock: +0.67 | QuantityAgent: AvgDailySales: +0.88; CurrentStock: +0.68 | CostAgent: AvgDailySales: +0.91; CurrentStock: +0.68,Multi-Agent Consensus: 3 agents,AUTO_APPROVED,"{""UrgencyAgent"": ""URGENT_REORDER"", ""QuantityAgent"": ""OPTIMIZE_QUANTITY"", ""CostAgent"": ""COST_OPTIMIZE""}",0,True,True
MULTI-20251126190442-17,2025-11-26T19:04:42.419201,Biscuits,567,567,5398,0,0.8895899795816007,HIGH,4831,"UrgencyAgent: ‚ö†Ô∏è HIGH PRIORITY: 3.0 days remaining | QuantityAgent: üìä Optimal: 4800 units (EOQ: 3690, Urgency: HIGH) | CostAgent: üíµ Cost-optimized: 5964 units (Est. savings: $5641.38)",UrgencyAgent: StockPercentage: -0.47; AvgDailySales: +0.09 | QuantityAgent: StockPercentage: -0.41; AvgDailySales: +0.10 | CostAgent: StockPercentage: -0.46; CurrentStock: +0.08,Multi-Agent Consensus: 3 agents,AUTO_APPROVED,"{""UrgencyAgent"": ""URGENT_REORDER"", ""QuantityAgent"": ""OPTIMIZE_QUANTITY"", ""CostAgent"": ""COST_OPTIMIZE""}",0,True,True
MULTI-20251126190442-18,2025-11-26T19:04:42.419201,Milk (1L),506,506,6555,0,0.7899066953616277,CRITICAL,6049,"UrgencyAgent: ‚ö†Ô∏è HIGH PRIORITY: 2.8 days remaining | QuantityAgent: üìä Optimal: 5724 units (EOQ: 3809, Urgency: CRITICAL) | CostAgent: üíµ Cost-optimized: 8448 units (Est. savings: $5631.63)",UrgencyAgent: StockPercentage: -0.43; AvgDailySales: -0.21 | QuantityAgent: StockPercentage: -0.45; CurrentStock: -0.16 | CostAgent: StockPercentage: -0.46; AvgDailySales: -0.17,Multi-Agent Consensus: 3 agents,AUTO_APPROVED,"{""UrgencyAgent"": ""URGENT_REORDER"", ""QuantityAgent"": ""OPTIMIZE_QUANTITY"", ""CostAgent"": ""COST_OPTIMIZE""}",0,True,True
MULTI-20251126190442-19,2025-11-26T19:04:42.419201,Shampoo (250ml),422,422,7658,0,0.7160708467007489,CRITICAL,7236,"UrgencyAgent: üö® EMERGENCY: Only 1.9 days until stockout! | QuantityAgent: üìä Optimal: 5952 units (EOQ: 3967, Urgency: CRITICAL) | CostAgent: üíµ Cost-optimized: 9288 units (Est. savings: $4034.87)",UrgencyAgent: AvgDailySales: -0.78; CurrentStock: -0.65 | QuantityAgent: AvgDailySales: -0.76; CurrentStock: -0.64 | CostAgent: AvgDailySales: -0.79; CurrentStock: -0.63,Multi-Agent Consensus: 3 agents,AUTO_APPROVED,"{""UrgencyAgent"": ""IMMEDIATE_REORDER"", ""QuantityAgent"": ""OPTIMIZE_QUANTITY"", ""CostAgent"": ""COST_OPTIMIZE""}",0,True,True
MULTI-20251126190442-20,2025-11-26T19:04:42.419201,Dry Fruits (250g),588,588,5320,0,0.891271317910482,HIGH,4732,"UrgencyAgent: ‚ö†Ô∏è HIGH PRIORITY: 3.2 days remaining | QuantityAgent: üìä Optimal: 4752 units (EOQ: 3648, Urgency: HIGH) | CostAgent: üíµ Cost-optimized: 5796 units (Est. savings: $5876.50)",UrgencyAgent: StockPercentage: -0.41; CurrentStock: +0.11 | QuantityAgent: StockPercentage: -0.48; AvgDailySales: +0.09 | CostAgent: StockPercentage: -0.43; CurrentStock: +0.10,Multi-Agent Consensus: 3 agents,AUTO_APPROVED,"{""UrgencyAgent"": ""URGENT_REORDER"", ""QuantityAgent"": ""OPTIMIZE_QUANTITY"", ""CostAgent"": ""COST_OPTIMIZE""}",0,True,True
MULTI-20251126190442-21,2025-11-26T19:04:42.419201,Toothpaste (150g),320,320,8192,0,0.6497021696100436,CRITICAL,7872,"UrgencyAgent: üö® EMERGENCY: Only 1.2 days until stockout! | QuantityAgent: üìä Optimal: 6228 units (EOQ: 4150, Urgency: CRITICAL) | CostAgent: üíµ Cost-optimized: 10308 units (Est. savings: $2730.95)",UrgencyAgent: AvgDailySales: -0.74; CurrentStock: -0.68 | QuantityAgent: AvgDailySales: -0.78; CurrentStock: -0.65 | CostAgent: AvgDailySales: -0.77; CurrentStock: -0.69,Multi-Agent Consensus: 3 agents,AUTO_APPROVED,"{""UrgencyAgent"": ""IMMEDIATE_REORDER"", ""QuantityAgent"": ""OPTIMIZE_QUANTITY"", ""CostAgent"": ""COST_OPTIMIZE""}",0,True,True
MULTI-20251126190442-22,2025-11-26T19:04:42.419201,Butter (100g),465,465,7431,0,0.6107951306469446,CRITICAL,6966,"UrgencyAgent: üö® EMERGENCY: Only 1.8 days until stockout! | QuantityAgent: üìä Optimal: 5832 units (EOQ: 3887, Urgency: CRITICAL) | CostAgent: üíµ Cost-optimized: 8856 units (Est. savings: $3792.92)",UrgencyAgent: StockPercentage: -0.47; AvgDailySales: -0.16 | QuantityAgent: StockPercentage: -0.47; AvgDailySales: -0.16 | CostAgent: StockPercentage: -0.49; AvgDailySales: -0.20,Multi-Agent Consensus: 3 agents,AUTO_APPROVED,"{""UrgencyAgent"": ""IMMEDIATE_REORDER"", ""QuantityAgent"": ""OPTIMIZE_QUANTITY"", ""CostAgent"": ""COST_OPTIMIZE""}",0,True,True
MULTI-20251126190442-23,2025-11-26T19:04:42.419201,Real Juice (1L),491,491,6620,0,0.7697057592548124,CRITICAL,6129,"UrgencyAgent: ‚ö†Ô∏è HIGH PRIORITY: 2.6 days remaining | QuantityAgent: üìä Optimal: 5760 units (EOQ: 3838, Urgency: CRITICAL) | CostAgent: üíµ Cost-optimized: 8592 units (Est. savings: $5285.86)",UrgencyAgent: StockPercentage: -0.43; AvgDailySales: -0.14 | QuantityAgent: StockPercentage: -0.36; AvgDailySales: -0.15 | CostAgent: StockPercentage: -0.41; AvgDailySales: -0.21,Multi-Agent Consensus: 3 agents,AUTO_APPROVED,"{""UrgencyAgent"": ""URGENT_REORDER"", ""QuantityAgent"": ""OPTIMIZE_QUANTITY"", ""CostAgent"": ""COST_OPTIMIZE""}",0,True,True
MULTI-20251126190442-24,2025-11-26T19:04:42.419201,Salt (1kg),752,752,4677,0,0.7316959975170899,HIGH,3925,"UrgencyAgent: ‚ö†Ô∏è HIGH PRIORITY: 4.7 days remaining | QuantityAgent: üìä Optimal: 4296 units (EOQ: 3304, Urgency: HIGH) | CostAgent: üíµ Cost-optimized: 4488 units (Est. savings: $7030.70)",UrgencyAgent: AvgDailySales: +0.90; CurrentStock: +0.70 | QuantityAgent: AvgDailySales: +0.88; CurrentStock: +0.68 | CostAgent: AvgDailySales: +0.87; CurrentStock: +0.67,Multi-Agent Consensus: 3 agents,AUTO_APPROVED,"{""UrgencyAgent"": ""URGENT_REORDER"", ""QuantityAgent"": ""OPTIMIZE_QUANTITY"", ""CostAgent"": ""COST_OPTIMIZE""}",0,True,True
